Day of the Week,Letter
FRI,0.5451551270654456
MON,0.6846495621066562
SAT,0.44665181588565933
THU,0.5340490856947973
TUE,0.7423037873589573
WED,0.5879410750516397
